study_hours,attendance,group_discussion,previous_test_score,final_exam_pass
11.0,82.1,Yes,36,Fail
6.7,94.9,No,42,Fail
12.4,79.1,Yes,55,Pass
13.0,85.7,No,54,Fail
3.8,53.4,No,75,Fail
5.8,77.4,Yes,66,Fail
10.4,67.9,Yes,34,Fail
9.0,63.4,Yes,70,Fail
9.9,67.5,No,53,Fail
7.3,74.0,No,82,Fail
12.8,89.0,Yes,52,Fail
12.5,62.1,No,52,Fail
10.2,78.4,Yes,71,Fail
13.6,72.2,No,74,Fail
11.5,74.1,No,69,Fail
7.3,90.0,No,35,Fail
11.2,84.5,No,71,Fail
6.9,94.0,No,45,Pass
12.8,76.1,Yes,66,Fail
9.8,69.6,Yes,39,Fail
9.4,75.3,Yes,69,Fail
7.8,80.9,Yes,49,Pass
13.9,80.1,No,41,Fail
9.5,65.0,No,73,Fail
8.6,79.1,No,66,Fail
8.9,80.7,Yes,52,Pass
11.7,100.0,No,85,Fail
11.2,100.0,Yes,55,Pass
11.3,67.8,Yes,63,Pass
11.4,74.6,No,66,Fail
16.9,60.4,No,52,Fail
8.7,70.9,No,70,Fail
8.4,81.8,Yes,53,Fail
7.4,92.5,No,55,Fail
12.0,69.3,Yes,84,Fail
13.6,70.2,No,45,Fail
9.6,52.2,No,23,Fail
7.3,76.0,Yes,88,Fail
7.4,65.3,Yes,100,Fail
12.1,71.6,Yes,56,Fail
12.4,67.5,No,31,Fail
11.7,76.9,Yes,57,Pass
7.9,56.9,No,57,Fail
10.7,60.4,No,59,Fail
10.4,100.0,No,44,Fail
10.7,62.6,Yes,71,Pass
12.8,64.8,No,70,Pass
10.7,100.0,Yes,38,Fail
12.2,100.0,No,73,Pass
10.2,63.9,No,95,Fail
10.9,73.6,No,65,Fail
12.0,82.1,No,57,Fail
5.3,98.7,Yes,60,Fail
9.0,66.2,Yes,72,Fail
8.5,75.1,Yes,34,Fail
8.0,87.3,Yes,65,Fail
9.1,83.2,Yes,56,Fail
14.8,73.5,Yes,92,Pass
7.2,76.4,Yes,59,Fail
13.1,61.5,Yes,89,Fail
4.6,75.1,Yes,44,Fail
8.9,74.8,No,71,Pass
10.5,80.8,No,67,Fail
11.9,71.3,Yes,48,Fail
12.3,83.7,Yes,65,Pass
12.5,90.2,Yes,81,Pass
8.9,79.9,No,57,Fail
8.5,82.2,Yes,35,Fail
12.7,78.6,Yes,62,Fail
9.4,78.0,Yes,48,Fail
5.9,69.3,Yes,57,Pass
6.4,81.8,Yes,61,Fail
7.1,76.8,No,35,Fail
11.6,100.0,No,36,Fail
10.5,96.9,No,70,Pass
12.2,82.6,No,54,Pass
8.6,68.8,No,21,Fail
10.5,64.7,Yes,75,Fail
12.0,92.3,No,66,Pass
9.0,81.2,Yes,51,Pass
11.5,83.8,Yes,41,Fail
7.9,57.1,No,75,Fail
8.8,89.1,Yes,68,Fail
8.8,83.5,Yes,100,Pass
6.2,64.7,No,69,Fail
11.6,72.3,No,68,Pass
8.5,81.2,No,59,Fail
10.0,78.6,Yes,75,Fail
11.5,74.5,Yes,72,Fail
11.4,76.8,No,82,Fail
12.1,75.0,Yes,54,Fail
9.7,79.8,No,55,Fail
8.6,95.7,Yes,54,Fail
9.7,47.2,Yes,75,Pass
4.6,75.2,Yes,86,Pass
5.4,80.1,No,55,Fail
5.8,81.6,Yes,55,Fail
6.8,73.5,Yes,67,Pass
11.3,56.9,Yes,58,Fail
7.1,81.9,Yes,77,Fail
8.8,98.7,Yes,26,Fail
14.2,59.6,No,49,Fail
8.9,88.4,Yes,49,Pass
12.4,74.1,No,25,Fail
7.0,77.3,No,47,Fail
9.3,65.4,Yes,47,Fail
7.0,74.0,Yes,59,Fail
8.9,93.6,No,80,Pass
12.7,85.0,Yes,58,Pass
4.5,98.8,Yes,46,Fail
11.4,92.1,No,61,Fail
10.8,83.3,No,79,Fail
8.1,98.9,No,46,Fail
5.4,83.3,Yes,47,Fail
10.2,87.9,No,71,Pass
8.3,74.4,No,58,Fail
10.7,78.8,Yes,72,Pass
10.1,69.6,No,62,Fail
15.1,89.9,Yes,73,Fail
9.2,63.9,Yes,45,Fail
6.7,87.4,Yes,62,Fail
10.6,75.7,Yes,59,Fail
10.7,92.1,Yes,43,Pass
14.3,87.0,No,37,Fail
12.7,99.8,No,73,Fail
11.1,86.8,No,56,Fail
14.7,59.1,No,46,Fail
6.2,77.2,No,60,Fail
8.0,63.9,Yes,80,Pass
7.0,71.8,Yes,26,Fail
8.8,96.1,Yes,38,Pass
5.6,85.7,Yes,47,Fail
12.0,69.6,No,85,Fail
9.3,65.8,Yes,67,Fail
5.3,78.4,Yes,74,Fail
6.8,63.4,Yes,44,Fail
11.0,69.9,Yes,44,Fail
12.7,81.7,No,69,Fail
16.4,91.9,Yes,63,Pass
19.3,85.3,Yes,71,Pass
11.3,50.5,Yes,59,Pass
6.8,81.7,Yes,66,Fail
3.2,78.9,No,65,Fail
10.9,83.0,Yes,74,Fail
7.4,97.4,Yes,75,Pass
8.7,53.2,Yes,36,Fail
8.0,70.9,No,26,Fail
9.5,85.1,No,78,Pass
13.4,59.0,No,81,Pass
10.5,95.7,No,46,Pass
9.5,82.4,No,32,Fail
6.7,88.2,Yes,64,Pass
4.6,71.1,Yes,77,Fail
8.4,87.8,Yes,91,Pass
9.8,90.8,Yes,70,Pass
15.7,80.8,No,56,Fail
10.4,80.8,Yes,48,Pass
13.1,81.2,No,62,Fail
8.4,67.6,No,57,Fail
6.2,76.2,Yes,46,Fail
6.9,76.2,No,95,Fail
7.7,82.6,No,91,Pass
16.8,90.0,No,80,Fail
7.4,65.3,Yes,47,Fail
12.7,76.5,Yes,76,Pass
7.1,95.8,Yes,72,Pass
13.0,69.1,Yes,69,Fail
11.2,68.1,Yes,82,Fail
9.5,80.4,No,72,Fail
9.9,88.1,No,74,Fail
7.9,78.1,Yes,72,Pass
11.4,93.9,Yes,67,Fail
8.5,88.3,Yes,33,Fail
6.1,88.1,Yes,63,Fail
5.9,84.6,No,53,Pass
10.6,100.0,Yes,42,Fail
15.1,75.5,Yes,89,Pass
10.5,54.0,No,90,Pass
9.6,97.3,Yes,84,Pass
10.9,72.5,Yes,66,Pass
14.2,79.3,No,84,Pass
10.7,93.7,No,62,Fail
8.7,58.8,No,65,Fail
13.5,63.0,No,45,Fail
11.4,58.8,Yes,68,Pass
14.9,68.5,No,63,Fail
10.6,83.3,No,41,Fail
6.1,84.3,No,61,Fail
5.6,81.3,No,61,Fail
15.3,61.0,No,91,Pass
15.5,50.3,No,76,Fail
9.4,78.7,Yes,62,Pass
8.8,72.3,No,66,Fail
14.7,83.5,Yes,63,Fail
6.5,86.4,No,59,Fail
7.1,79.7,No,45,Pass
12.1,87.1,No,60,Fail
8.7,80.8,No,50,Fail
10.0,84.4,Yes,42,Fail
9.5,69.5,No,70,Fail
